imagen,clase_real,prediccion,probabilidad_dog,correcto
cat.2000.jpg,cats,dogs,0.5016106367111206,False
cat.2001.jpg,cats,dogs,0.5008767247200012,False
cat.2002.jpg,cats,dogs,0.5013265609741211,False
cat.2003.jpg,cats,dogs,0.5012160539627075,False
cat.2004.jpg,cats,dogs,0.5026180744171143,False
cat.2005.jpg,cats,dogs,0.5006071925163269,False
cat.2006.jpg,cats,dogs,0.5011220574378967,False
cat.2007.jpg,cats,dogs,0.5010475516319275,False
cat.2008.jpg,cats,dogs,0.5014699101448059,False
cat.2009.jpg,cats,dogs,0.5016850233078003,False
cat.2010.jpg,cats,dogs,0.5015438199043274,False
cat.2011.jpg,cats,dogs,0.5005255341529846,False
cat.2012.jpg,cats,dogs,0.501389741897583,False
cat.2013.jpg,cats,dogs,0.5027374029159546,False
cat.2014.jpg,cats,dogs,0.5015697479248047,False
cat.2015.jpg,cats,dogs,0.501706063747406,False
cat.2016.jpg,cats,dogs,0.5010714530944824,False
cat.2017.jpg,cats,dogs,0.5008344650268555,False
cat.2018.jpg,cats,dogs,0.5015859603881836,False
cat.2019.jpg,cats,dogs,0.5010552406311035,False
cat.2020.jpg,cats,dogs,0.5011947751045227,False
cat.2021.jpg,cats,dogs,0.5013889074325562,False
cat.2022.jpg,cats,dogs,0.5017299652099609,False
cat.2023.jpg,cats,dogs,0.5013197064399719,False
cat.2024.jpg,cats,dogs,0.5017978549003601,False
cat.2025.jpg,cats,dogs,0.5010563731193542,False
cat.2026.jpg,cats,dogs,0.5014898777008057,False
cat.2027.jpg,cats,dogs,0.5009423494338989,False
cat.2028.jpg,cats,dogs,0.5010541081428528,False
cat.2029.jpg,cats,dogs,0.5007310509681702,False
cat.2030.jpg,cats,dogs,0.5015531182289124,False
cat.2031.jpg,cats,dogs,0.5014782547950745,False
cat.2032.jpg,cats,dogs,0.5018618106842041,False
cat.2033.jpg,cats,dogs,0.5011799931526184,False
cat.2034.jpg,cats,dogs,0.5016506314277649,False
cat.2035.jpg,cats,dogs,0.5010932683944702,False
cat.2036.jpg,cats,dogs,0.5011456608772278,False
cat.2037.jpg,cats,dogs,0.5008365511894226,False
cat.2038.jpg,cats,dogs,0.5024174451828003,False
cat.2039.jpg,cats,dogs,0.5005209445953369,False
cat.2040.jpg,cats,cats,0.49977827072143555,True
cat.2041.jpg,cats,cats,0.4997653067111969,True
cat.2042.jpg,cats,dogs,0.5015277862548828,False
cat.2043.jpg,cats,dogs,0.5020495653152466,False
cat.2044.jpg,cats,dogs,0.5014750957489014,False
cat.2045.jpg,cats,dogs,0.5008146166801453,False
cat.2046.jpg,cats,dogs,0.5014137029647827,False
cat.2047.jpg,cats,dogs,0.5009422898292542,False
cat.2048.jpg,cats,dogs,0.501007616519928,False
cat.2049.jpg,cats,dogs,0.5006895661354065,False
cat.2050.jpg,cats,dogs,0.5010288953781128,False
cat.2051.jpg,cats,dogs,0.501549482345581,False
cat.2052.jpg,cats,dogs,0.5010472536087036,False
cat.2053.jpg,cats,dogs,0.5011361837387085,False
cat.2054.jpg,cats,dogs,0.5012388825416565,False
cat.2055.jpg,cats,dogs,0.5013086795806885,False
cat.2056.jpg,cats,dogs,0.5015856027603149,False
cat.2057.jpg,cats,dogs,0.5003892779350281,False
cat.2058.jpg,cats,dogs,0.5010285377502441,False
cat.2059.jpg,cats,dogs,0.5018986463546753,False
cat.2060.jpg,cats,dogs,0.5005168914794922,False
cat.2061.jpg,cats,dogs,0.5015251636505127,False
cat.2062.jpg,cats,dogs,0.5017020106315613,False
cat.2063.jpg,cats,dogs,0.5012034177780151,False
cat.2064.jpg,cats,dogs,0.5017863512039185,False
cat.2065.jpg,cats,dogs,0.5006105899810791,False
cat.2066.jpg,cats,dogs,0.5012762546539307,False
cat.2067.jpg,cats,dogs,0.5016599297523499,False
cat.2068.jpg,cats,dogs,0.5015162229537964,False
cat.2069.jpg,cats,dogs,0.5011724233627319,False
cat.2070.jpg,cats,dogs,0.5010173916816711,False
cat.2071.jpg,cats,dogs,0.5003265738487244,False
cat.2072.jpg,cats,dogs,0.5011821985244751,False
cat.2073.jpg,cats,dogs,0.5017055869102478,False
cat.2074.jpg,cats,dogs,0.5012405514717102,False
cat.2075.jpg,cats,dogs,0.5013430118560791,False
cat.2076.jpg,cats,dogs,0.5021094679832458,False
cat.2077.jpg,cats,dogs,0.5009860396385193,False
cat.2078.jpg,cats,dogs,0.5014939904212952,False
cat.2079.jpg,cats,dogs,0.5015214085578918,False
cat.2080.jpg,cats,dogs,0.5019419193267822,False
cat.2081.jpg,cats,dogs,0.5005776286125183,False
cat.2082.jpg,cats,dogs,0.50156569480896,False
cat.2083.jpg,cats,dogs,0.5004652738571167,False
cat.2084.jpg,cats,dogs,0.5002636909484863,False
cat.2085.jpg,cats,dogs,0.5017427206039429,False
cat.2086.jpg,cats,dogs,0.5009480118751526,False
cat.2087.jpg,cats,dogs,0.5002390146255493,False
cat.2088.jpg,cats,dogs,0.5021422505378723,False
cat.2089.jpg,cats,dogs,0.5013133883476257,False
cat.2090.jpg,cats,dogs,0.5015036463737488,False
cat.2091.jpg,cats,dogs,0.5004263520240784,False
cat.2092.jpg,cats,dogs,0.5011667609214783,False
cat.2093.jpg,cats,dogs,0.5016743540763855,False
cat.2094.jpg,cats,dogs,0.5017399191856384,False
cat.2095.jpg,cats,dogs,0.501430094242096,False
cat.2096.jpg,cats,dogs,0.5007928609848022,False
cat.2097.jpg,cats,dogs,0.5018736720085144,False
cat.2098.jpg,cats,dogs,0.5007117986679077,False
cat.2099.jpg,cats,cats,0.49969181418418884,True
cat.2100.jpg,cats,dogs,0.5005277395248413,False
cat.2101.jpg,cats,dogs,0.5008574724197388,False
cat.2102.jpg,cats,dogs,0.5014025568962097,False
cat.2103.jpg,cats,dogs,0.5013876557350159,False
cat.2104.jpg,cats,dogs,0.5008010268211365,False
cat.2105.jpg,cats,dogs,0.5013115406036377,False
cat.2106.jpg,cats,dogs,0.5007984638214111,False
cat.2107.jpg,cats,dogs,0.5015073418617249,False
cat.2108.jpg,cats,dogs,0.5005223751068115,False
cat.2109.jpg,cats,dogs,0.5013298392295837,False
cat.2110.jpg,cats,dogs,0.5005214214324951,False
cat.2111.jpg,cats,dogs,0.5010018348693848,False
cat.2112.jpg,cats,dogs,0.500775158405304,False
cat.2113.jpg,cats,dogs,0.5011441111564636,False
cat.2114.jpg,cats,dogs,0.5008276700973511,False
cat.2115.jpg,cats,dogs,0.5019629001617432,False
cat.2116.jpg,cats,dogs,0.5007009506225586,False
cat.2117.jpg,cats,dogs,0.5007773041725159,False
cat.2118.jpg,cats,dogs,0.5016019940376282,False
cat.2119.jpg,cats,dogs,0.5015042424201965,False
cat.2120.jpg,cats,dogs,0.5015372037887573,False
cat.2121.jpg,cats,dogs,0.5011789798736572,False
cat.2122.jpg,cats,dogs,0.5017653703689575,False
cat.2123.jpg,cats,dogs,0.501491129398346,False
cat.2124.jpg,cats,dogs,0.5025814771652222,False
cat.2125.jpg,cats,dogs,0.5012964010238647,False
cat.2126.jpg,cats,dogs,0.5019551515579224,False
cat.2127.jpg,cats,dogs,0.5015228390693665,False
cat.2128.jpg,cats,dogs,0.5008416771888733,False
cat.2129.jpg,cats,dogs,0.5011292695999146,False
cat.2130.jpg,cats,dogs,0.5011293292045593,False
cat.2131.jpg,cats,dogs,0.5018513202667236,False
cat.2132.jpg,cats,dogs,0.5013675689697266,False
cat.2133.jpg,cats,dogs,0.5010374188423157,False
cat.2134.jpg,cats,dogs,0.5007899403572083,False
cat.2135.jpg,cats,dogs,0.5012322664260864,False
cat.2136.jpg,cats,dogs,0.502077043056488,False
cat.2137.jpg,cats,dogs,0.5004748702049255,False
cat.2138.jpg,cats,dogs,0.5017121434211731,False
cat.2139.jpg,cats,dogs,0.5012350082397461,False
cat.2140.jpg,cats,dogs,0.5007234215736389,False
cat.2141.jpg,cats,dogs,0.5014153718948364,False
cat.2142.jpg,cats,dogs,0.5007215142250061,False
cat.2143.jpg,cats,dogs,0.5022067427635193,False
cat.2144.jpg,cats,dogs,0.5013213157653809,False
cat.2145.jpg,cats,dogs,0.5011488795280457,False
cat.2146.jpg,cats,dogs,0.5007273554801941,False
cat.2147.jpg,cats,dogs,0.5017114281654358,False
cat.2148.jpg,cats,dogs,0.5012171864509583,False
cat.2149.jpg,cats,dogs,0.5005554556846619,False
cat.2150.jpg,cats,dogs,0.5010019540786743,False
cat.2151.jpg,cats,dogs,0.5006778240203857,False
cat.2152.jpg,cats,dogs,0.5003986954689026,False
cat.2153.jpg,cats,dogs,0.5014517307281494,False
cat.2154.jpg,cats,dogs,0.5008758902549744,False
cat.2155.jpg,cats,dogs,0.5013463497161865,False
cat.2156.jpg,cats,dogs,0.5007367730140686,False
cat.2157.jpg,cats,dogs,0.5026089549064636,False
cat.2158.jpg,cats,dogs,0.5016117095947266,False
cat.2159.jpg,cats,dogs,0.501241147518158,False
cat.2160.jpg,cats,dogs,0.5012761354446411,False
cat.2161.jpg,cats,dogs,0.501909077167511,False
cat.2162.jpg,cats,dogs,0.5015641450881958,False
cat.2163.jpg,cats,dogs,0.5020033717155457,False
cat.2164.jpg,cats,dogs,0.501327633857727,False
cat.2165.jpg,cats,dogs,0.5010377764701843,False
cat.2166.jpg,cats,dogs,0.5019363760948181,False
cat.2167.jpg,cats,dogs,0.5006246566772461,False
cat.2168.jpg,cats,dogs,0.501451849937439,False
cat.2169.jpg,cats,dogs,0.5016388297080994,False
cat.2170.jpg,cats,dogs,0.5008162260055542,False
cat.2171.jpg,cats,dogs,0.5006138682365417,False
cat.2172.jpg,cats,dogs,0.5006600022315979,False
cat.2173.jpg,cats,dogs,0.5014230012893677,False
cat.2174.jpg,cats,dogs,0.5015541315078735,False
cat.2175.jpg,cats,dogs,0.5009872913360596,False
cat.2176.jpg,cats,dogs,0.501211941242218,False
cat.2177.jpg,cats,dogs,0.5021440982818604,False
cat.2178.jpg,cats,dogs,0.5014548301696777,False
cat.2179.jpg,cats,dogs,0.501980721950531,False
cat.2180.jpg,cats,dogs,0.5021246075630188,False
cat.2181.jpg,cats,dogs,0.5016472935676575,False
cat.2182.jpg,cats,dogs,0.5009235739707947,False
cat.2183.jpg,cats,dogs,0.5010339617729187,False
cat.2184.jpg,cats,dogs,0.5014572143554688,False
cat.2185.jpg,cats,dogs,0.5014588832855225,False
cat.2186.jpg,cats,dogs,0.5003073811531067,False
cat.2187.jpg,cats,dogs,0.5014364719390869,False
cat.2188.jpg,cats,dogs,0.5009487867355347,False
cat.2189.jpg,cats,dogs,0.502005934715271,False
cat.2190.jpg,cats,dogs,0.5012742280960083,False
cat.2191.jpg,cats,dogs,0.5012058019638062,False
cat.2192.jpg,cats,dogs,0.5015698075294495,False
cat.2193.jpg,cats,dogs,0.5003679990768433,False
cat.2194.jpg,cats,dogs,0.5004701614379883,False
cat.2195.jpg,cats,dogs,0.5014848113059998,False
cat.2196.jpg,cats,dogs,0.5013622641563416,False
cat.2197.jpg,cats,dogs,0.5005608797073364,False
cat.2198.jpg,cats,dogs,0.5011848211288452,False
cat.2199.jpg,cats,dogs,0.5013282299041748,False
cat.2200.jpg,cats,dogs,0.5007322430610657,False
cat.2201.jpg,cats,dogs,0.5006154775619507,False
cat.2202.jpg,cats,dogs,0.5009804964065552,False
cat.2203.jpg,cats,dogs,0.500834047794342,False
cat.2204.jpg,cats,dogs,0.5010387301445007,False
cat.2205.jpg,cats,dogs,0.500769317150116,False
cat.2206.jpg,cats,dogs,0.5009827017784119,False
cat.2207.jpg,cats,dogs,0.5019925236701965,False
cat.2208.jpg,cats,dogs,0.5016199946403503,False
cat.2209.jpg,cats,dogs,0.5018667578697205,False
cat.2210.jpg,cats,dogs,0.5010991096496582,False
cat.2211.jpg,cats,dogs,0.501617431640625,False
cat.2212.jpg,cats,dogs,0.5010135173797607,False
cat.2213.jpg,cats,dogs,0.5014579892158508,False
cat.2214.jpg,cats,dogs,0.5015209317207336,False
cat.2215.jpg,cats,dogs,0.5014541149139404,False
cat.2216.jpg,cats,dogs,0.5020709037780762,False
cat.2217.jpg,cats,dogs,0.5005438327789307,False
cat.2218.jpg,cats,dogs,0.5012065172195435,False
cat.2219.jpg,cats,dogs,0.500583291053772,False
cat.2220.jpg,cats,dogs,0.5015552043914795,False
cat.2221.jpg,cats,dogs,0.5013806223869324,False
cat.2222.jpg,cats,dogs,0.5005874037742615,False
cat.2223.jpg,cats,dogs,0.5018354654312134,False
cat.2224.jpg,cats,dogs,0.5014011263847351,False
cat.2225.jpg,cats,dogs,0.5008018612861633,False
cat.2226.jpg,cats,dogs,0.5007524490356445,False
cat.2227.jpg,cats,dogs,0.5000813603401184,False
cat.2228.jpg,cats,dogs,0.5018137693405151,False
cat.2229.jpg,cats,dogs,0.5008555054664612,False
cat.2230.jpg,cats,dogs,0.5018362402915955,False
cat.2231.jpg,cats,dogs,0.5012724995613098,False
cat.2232.jpg,cats,dogs,0.5016822814941406,False
cat.2233.jpg,cats,dogs,0.5013248920440674,False
cat.2234.jpg,cats,dogs,0.5020222663879395,False
cat.2235.jpg,cats,dogs,0.5012354850769043,False
cat.2236.jpg,cats,dogs,0.5013035535812378,False
cat.2237.jpg,cats,dogs,0.5012608766555786,False
cat.2238.jpg,cats,dogs,0.501139223575592,False
cat.2239.jpg,cats,dogs,0.5007961988449097,False
cat.2240.jpg,cats,dogs,0.5012851357460022,False
cat.2241.jpg,cats,dogs,0.5016691088676453,False
cat.2242.jpg,cats,dogs,0.5003507137298584,False
cat.2243.jpg,cats,dogs,0.5012768507003784,False
cat.2244.jpg,cats,dogs,0.5013222694396973,False
cat.2245.jpg,cats,dogs,0.5020157098770142,False
cat.2246.jpg,cats,dogs,0.5015493631362915,False
cat.2247.jpg,cats,dogs,0.5014064311981201,False
cat.2248.jpg,cats,dogs,0.5020121932029724,False
cat.2249.jpg,cats,dogs,0.501088559627533,False
cat.2250.jpg,cats,dogs,0.5012226700782776,False
cat.2251.jpg,cats,dogs,0.5017015933990479,False
cat.2252.jpg,cats,dogs,0.5015061497688293,False
cat.2253.jpg,cats,cats,0.4999955892562866,True
cat.2254.jpg,cats,dogs,0.5012269020080566,False
cat.2255.jpg,cats,dogs,0.5017262697219849,False
cat.2256.jpg,cats,dogs,0.5015923976898193,False
cat.2257.jpg,cats,dogs,0.501112699508667,False
cat.2258.jpg,cats,dogs,0.5015101432800293,False
cat.2259.jpg,cats,dogs,0.5015401244163513,False
cat.2260.jpg,cats,dogs,0.5011353492736816,False
cat.2261.jpg,cats,dogs,0.5011329650878906,False
cat.2262.jpg,cats,dogs,0.5015841126441956,False
cat.2263.jpg,cats,dogs,0.5018910765647888,False
cat.2264.jpg,cats,dogs,0.5014060139656067,False
cat.2265.jpg,cats,dogs,0.5013669729232788,False
cat.2266.jpg,cats,dogs,0.5002819299697876,False
cat.2267.jpg,cats,dogs,0.5013598799705505,False
cat.2268.jpg,cats,dogs,0.5005396008491516,False
cat.2269.jpg,cats,dogs,0.5012146830558777,False
cat.2270.jpg,cats,dogs,0.5016568303108215,False
cat.2271.jpg,cats,dogs,0.5007622241973877,False
cat.2272.jpg,cats,dogs,0.5016923546791077,False
cat.2273.jpg,cats,dogs,0.5026525855064392,False
cat.2274.jpg,cats,dogs,0.5022568106651306,False
cat.2275.jpg,cats,dogs,0.5015018582344055,False
cat.2276.jpg,cats,dogs,0.5018442869186401,False
cat.2277.jpg,cats,dogs,0.5017265677452087,False
cat.2278.jpg,cats,dogs,0.5009092092514038,False
cat.2279.jpg,cats,dogs,0.5020759105682373,False
cat.2280.jpg,cats,dogs,0.5006270408630371,False
cat.2281.jpg,cats,dogs,0.5003989338874817,False
cat.2282.jpg,cats,dogs,0.501550555229187,False
cat.2283.jpg,cats,dogs,0.5010377764701843,False
cat.2284.jpg,cats,dogs,0.5019052624702454,False
cat.2285.jpg,cats,dogs,0.5017024278640747,False
cat.2286.jpg,cats,dogs,0.5006547570228577,False
cat.2287.jpg,cats,dogs,0.502004861831665,False
cat.2288.jpg,cats,dogs,0.5013883113861084,False
cat.2289.jpg,cats,dogs,0.5014700889587402,False
cat.2290.jpg,cats,dogs,0.501542866230011,False
cat.2291.jpg,cats,dogs,0.5018638372421265,False
cat.2292.jpg,cats,dogs,0.5008471012115479,False
cat.2293.jpg,cats,dogs,0.5017185211181641,False
cat.2294.jpg,cats,dogs,0.5013684034347534,False
cat.2295.jpg,cats,dogs,0.5007839202880859,False
cat.2296.jpg,cats,dogs,0.5017901062965393,False
cat.2297.jpg,cats,dogs,0.5015022158622742,False
cat.2298.jpg,cats,dogs,0.5009774565696716,False
cat.2299.jpg,cats,dogs,0.5014897584915161,False
cat.2300.jpg,cats,dogs,0.5015440583229065,False
cat.2301.jpg,cats,dogs,0.5012263059616089,False
cat.2302.jpg,cats,dogs,0.5005884766578674,False
cat.2303.jpg,cats,dogs,0.5015699863433838,False
cat.2304.jpg,cats,dogs,0.5022408962249756,False
cat.2305.jpg,cats,dogs,0.5014780163764954,False
cat.2306.jpg,cats,dogs,0.5016380548477173,False
cat.2307.jpg,cats,dogs,0.5013533234596252,False
cat.2308.jpg,cats,dogs,0.5010432600975037,False
cat.2309.jpg,cats,dogs,0.5016601085662842,False
cat.2310.jpg,cats,dogs,0.500763475894928,False
cat.2311.jpg,cats,dogs,0.500918984413147,False
cat.2312.jpg,cats,dogs,0.5015878677368164,False
cat.2313.jpg,cats,dogs,0.5013456344604492,False
cat.2314.jpg,cats,dogs,0.5016351938247681,False
cat.2315.jpg,cats,dogs,0.5013929605484009,False
cat.2316.jpg,cats,dogs,0.5015836358070374,False
cat.2317.jpg,cats,dogs,0.500971257686615,False
cat.2318.jpg,cats,dogs,0.5010092854499817,False
cat.2319.jpg,cats,dogs,0.5019886493682861,False
cat.2320.jpg,cats,dogs,0.5011365413665771,False
cat.2321.jpg,cats,dogs,0.501063883304596,False
cat.2322.jpg,cats,dogs,0.5016921162605286,False
cat.2323.jpg,cats,dogs,0.5015302896499634,False
cat.2324.jpg,cats,dogs,0.50126051902771,False
cat.2325.jpg,cats,dogs,0.5009489059448242,False
cat.2326.jpg,cats,dogs,0.501328706741333,False
cat.2327.jpg,cats,dogs,0.5013737082481384,False
cat.2328.jpg,cats,dogs,0.5009562969207764,False
cat.2329.jpg,cats,dogs,0.5001016855239868,False
cat.2330.jpg,cats,dogs,0.5018596053123474,False
cat.2331.jpg,cats,dogs,0.501539409160614,False
cat.2332.jpg,cats,dogs,0.5024593472480774,False
cat.2333.jpg,cats,dogs,0.5017000436782837,False
cat.2334.jpg,cats,dogs,0.5008913278579712,False
cat.2335.jpg,cats,dogs,0.5006052851676941,False
cat.2336.jpg,cats,dogs,0.5013083815574646,False
cat.2337.jpg,cats,dogs,0.5014327764511108,False
cat.2338.jpg,cats,dogs,0.5003699660301208,False
cat.2339.jpg,cats,dogs,0.5018517971038818,False
cat.2340.jpg,cats,dogs,0.5013567209243774,False
cat.2341.jpg,cats,dogs,0.5011533498764038,False
cat.2342.jpg,cats,dogs,0.5011259317398071,False
cat.2343.jpg,cats,dogs,0.5012495517730713,False
cat.2344.jpg,cats,dogs,0.5007303357124329,False
cat.2345.jpg,cats,dogs,0.5016828775405884,False
cat.2346.jpg,cats,dogs,0.5013461112976074,False
cat.2347.jpg,cats,dogs,0.5012988448143005,False
cat.2348.jpg,cats,dogs,0.501118004322052,False
cat.2349.jpg,cats,dogs,0.5006599426269531,False
cat.2350.jpg,cats,dogs,0.5012266635894775,False
cat.2351.jpg,cats,dogs,0.5014224648475647,False
cat.2352.jpg,cats,dogs,0.5012553930282593,False
cat.2353.jpg,cats,dogs,0.5010579228401184,False
cat.2354.jpg,cats,dogs,0.5005427002906799,False
cat.2355.jpg,cats,dogs,0.5008087754249573,False
cat.2356.jpg,cats,dogs,0.5018132925033569,False
cat.2357.jpg,cats,dogs,0.5021257996559143,False
cat.2358.jpg,cats,dogs,0.5014974474906921,False
cat.2359.jpg,cats,dogs,0.5012202858924866,False
cat.2360.jpg,cats,dogs,0.5003477931022644,False
cat.2361.jpg,cats,dogs,0.5016982555389404,False
cat.2362.jpg,cats,dogs,0.5002209544181824,False
cat.2363.jpg,cats,dogs,0.5018516778945923,False
cat.2364.jpg,cats,dogs,0.5016398429870605,False
cat.2365.jpg,cats,dogs,0.5013065338134766,False
cat.2366.jpg,cats,dogs,0.5010442733764648,False
cat.2367.jpg,cats,dogs,0.5020917654037476,False
cat.2368.jpg,cats,dogs,0.5015708208084106,False
cat.2369.jpg,cats,dogs,0.5002777576446533,False
cat.2370.jpg,cats,dogs,0.5007023811340332,False
cat.2371.jpg,cats,dogs,0.5019785761833191,False
cat.2372.jpg,cats,dogs,0.5012362003326416,False
cat.2373.jpg,cats,dogs,0.5013939142227173,False
cat.2374.jpg,cats,dogs,0.5015157461166382,False
cat.2375.jpg,cats,dogs,0.5008981227874756,False
cat.2376.jpg,cats,dogs,0.5007745623588562,False
cat.2377.jpg,cats,dogs,0.5016570687294006,False
cat.2378.jpg,cats,dogs,0.5017067790031433,False
cat.2379.jpg,cats,dogs,0.5003964900970459,False
cat.2380.jpg,cats,dogs,0.5006101131439209,False
cat.2381.jpg,cats,dogs,0.5009599924087524,False
cat.2382.jpg,cats,dogs,0.5009546279907227,False
cat.2383.jpg,cats,dogs,0.5011817216873169,False
cat.2384.jpg,cats,dogs,0.5010457038879395,False
cat.2385.jpg,cats,dogs,0.5007374882698059,False
cat.2386.jpg,cats,dogs,0.5015867948532104,False
cat.2387.jpg,cats,dogs,0.5015113353729248,False
cat.2388.jpg,cats,dogs,0.5025025010108948,False
cat.2389.jpg,cats,dogs,0.5008584856987,False
cat.2390.jpg,cats,dogs,0.5004454255104065,False
cat.2391.jpg,cats,dogs,0.5013958811759949,False
cat.2392.jpg,cats,dogs,0.5007810592651367,False
cat.2393.jpg,cats,dogs,0.5004995465278625,False
cat.2394.jpg,cats,dogs,0.5012966394424438,False
cat.2395.jpg,cats,dogs,0.5012440085411072,False
cat.2396.jpg,cats,dogs,0.501538097858429,False
cat.2397.jpg,cats,dogs,0.5002673864364624,False
cat.2398.jpg,cats,dogs,0.5012497901916504,False
cat.2399.jpg,cats,dogs,0.501517117023468,False
cat.2400.jpg,cats,dogs,0.5020970702171326,False
cat.2401.jpg,cats,dogs,0.5006740093231201,False
cat.2402.jpg,cats,dogs,0.501326322555542,False
cat.2403.jpg,cats,dogs,0.5006664991378784,False
cat.2404.jpg,cats,dogs,0.5010661482810974,False
cat.2405.jpg,cats,dogs,0.5015281438827515,False
cat.2406.jpg,cats,dogs,0.5017679333686829,False
cat.2407.jpg,cats,dogs,0.5015242695808411,False
cat.2408.jpg,cats,dogs,0.5011093616485596,False
cat.2409.jpg,cats,dogs,0.5018721222877502,False
cat.2410.jpg,cats,dogs,0.5007736682891846,False
cat.2411.jpg,cats,dogs,0.5017354488372803,False
cat.2412.jpg,cats,dogs,0.501459538936615,False
cat.2413.jpg,cats,dogs,0.5012505054473877,False
cat.2414.jpg,cats,dogs,0.5017779469490051,False
cat.2415.jpg,cats,dogs,0.5009373426437378,False
cat.2416.jpg,cats,dogs,0.5013703107833862,False
cat.2417.jpg,cats,dogs,0.5015501976013184,False
cat.2418.jpg,cats,dogs,0.500953197479248,False
cat.2419.jpg,cats,dogs,0.5010375380516052,False
cat.2420.jpg,cats,dogs,0.5006694793701172,False
cat.2421.jpg,cats,dogs,0.5003688335418701,False
cat.2422.jpg,cats,dogs,0.5015304088592529,False
cat.2423.jpg,cats,dogs,0.5009751319885254,False
cat.2424.jpg,cats,dogs,0.5011746287345886,False
cat.2425.jpg,cats,dogs,0.5008619427680969,False
cat.2426.jpg,cats,dogs,0.5014429092407227,False
cat.2427.jpg,cats,dogs,0.5010071396827698,False
cat.2428.jpg,cats,dogs,0.5016557574272156,False
cat.2429.jpg,cats,dogs,0.5006483197212219,False
cat.2430.jpg,cats,dogs,0.5019628405570984,False
cat.2431.jpg,cats,dogs,0.500924825668335,False
cat.2432.jpg,cats,dogs,0.5011547803878784,False
cat.2433.jpg,cats,dogs,0.5014656186103821,False
cat.2434.jpg,cats,dogs,0.5008772611618042,False
cat.2435.jpg,cats,dogs,0.5017030835151672,False
cat.2436.jpg,cats,dogs,0.5017711520195007,False
cat.2437.jpg,cats,dogs,0.502099871635437,False
cat.2438.jpg,cats,dogs,0.5002639889717102,False
cat.2439.jpg,cats,dogs,0.5019042491912842,False
cat.2440.jpg,cats,dogs,0.5015643835067749,False
cat.2441.jpg,cats,dogs,0.5010820627212524,False
cat.2442.jpg,cats,dogs,0.5016217231750488,False
cat.2443.jpg,cats,dogs,0.5018024444580078,False
cat.2444.jpg,cats,dogs,0.5011469721794128,False
cat.2445.jpg,cats,dogs,0.5011691451072693,False
cat.2446.jpg,cats,dogs,0.5024243593215942,False
cat.2447.jpg,cats,dogs,0.5012557506561279,False
cat.2448.jpg,cats,dogs,0.5016765594482422,False
cat.2449.jpg,cats,dogs,0.5012248754501343,False
cat.2450.jpg,cats,dogs,0.5013871192932129,False
cat.2451.jpg,cats,dogs,0.5013432502746582,False
cat.2452.jpg,cats,dogs,0.5023058652877808,False
cat.2453.jpg,cats,dogs,0.5016067624092102,False
cat.2454.jpg,cats,dogs,0.5011125802993774,False
cat.2455.jpg,cats,dogs,0.5008322596549988,False
cat.2456.jpg,cats,dogs,0.5016313195228577,False
cat.2457.jpg,cats,dogs,0.5012935400009155,False
cat.2458.jpg,cats,dogs,0.5015972852706909,False
cat.2459.jpg,cats,dogs,0.5012136697769165,False
cat.2460.jpg,cats,dogs,0.5008736252784729,False
cat.2461.jpg,cats,dogs,0.5004485845565796,False
cat.2462.jpg,cats,dogs,0.5005238056182861,False
cat.2463.jpg,cats,cats,0.4998040795326233,True
cat.2464.jpg,cats,dogs,0.5008494257926941,False
cat.2465.jpg,cats,dogs,0.5008151531219482,False
cat.2466.jpg,cats,dogs,0.5017544627189636,False
cat.2467.jpg,cats,dogs,0.5013591647148132,False
cat.2468.jpg,cats,dogs,0.5005071759223938,False
cat.2469.jpg,cats,dogs,0.5018057823181152,False
cat.2470.jpg,cats,dogs,0.5017938017845154,False
cat.2471.jpg,cats,dogs,0.5004963874816895,False
cat.2472.jpg,cats,dogs,0.5021629333496094,False
cat.2473.jpg,cats,dogs,0.5012186169624329,False
cat.2474.jpg,cats,dogs,0.5016273260116577,False
cat.2475.jpg,cats,dogs,0.5013623833656311,False
cat.2476.jpg,cats,dogs,0.5010956525802612,False
cat.2477.jpg,cats,dogs,0.5018457174301147,False
cat.2478.jpg,cats,dogs,0.5005208253860474,False
cat.2479.jpg,cats,dogs,0.5013890266418457,False
cat.2480.jpg,cats,dogs,0.5013520121574402,False
cat.2481.jpg,cats,dogs,0.5015191435813904,False
cat.2482.jpg,cats,dogs,0.5008575916290283,False
cat.2483.jpg,cats,dogs,0.500818133354187,False
cat.2484.jpg,cats,dogs,0.5015300512313843,False
cat.2485.jpg,cats,dogs,0.501625657081604,False
cat.2486.jpg,cats,dogs,0.5010997653007507,False
cat.2487.jpg,cats,dogs,0.5013265609741211,False
cat.2488.jpg,cats,dogs,0.5014871954917908,False
cat.2489.jpg,cats,dogs,0.5016472339630127,False
cat.2490.jpg,cats,dogs,0.5017826557159424,False
cat.2491.jpg,cats,dogs,0.5012909173965454,False
cat.2492.jpg,cats,dogs,0.501214861869812,False
cat.2493.jpg,cats,dogs,0.5014585852622986,False
cat.2494.jpg,cats,dogs,0.5011113286018372,False
cat.2495.jpg,cats,dogs,0.50138920545578,False
cat.2496.jpg,cats,dogs,0.5006561875343323,False
cat.2497.jpg,cats,dogs,0.5010197162628174,False
cat.2498.jpg,cats,dogs,0.5007942318916321,False
cat.2499.jpg,cats,dogs,0.5014775991439819,False
dog.2000.jpg,dogs,dogs,0.501767635345459,True
dog.2001.jpg,dogs,dogs,0.5021683573722839,True
dog.2002.jpg,dogs,dogs,0.5019451975822449,True
dog.2003.jpg,dogs,dogs,0.501258373260498,True
dog.2004.jpg,dogs,dogs,0.5013609528541565,True
dog.2005.jpg,dogs,dogs,0.5018892884254456,True
dog.2006.jpg,dogs,dogs,0.5020853877067566,True
dog.2007.jpg,dogs,dogs,0.500548779964447,True
dog.2008.jpg,dogs,dogs,0.5017213225364685,True
dog.2009.jpg,dogs,dogs,0.5007749199867249,True
dog.2010.jpg,dogs,dogs,0.5010268688201904,True
dog.2011.jpg,dogs,dogs,0.5011165142059326,True
dog.2012.jpg,dogs,dogs,0.5020426511764526,True
dog.2013.jpg,dogs,dogs,0.5011570453643799,True
dog.2014.jpg,dogs,dogs,0.5012454390525818,True
dog.2015.jpg,dogs,dogs,0.5014578700065613,True
dog.2016.jpg,dogs,dogs,0.5016240477561951,True
dog.2017.jpg,dogs,dogs,0.5013979077339172,True
dog.2018.jpg,dogs,dogs,0.500796914100647,True
dog.2019.jpg,dogs,dogs,0.5015234351158142,True
dog.2020.jpg,dogs,dogs,0.5019052624702454,True
dog.2021.jpg,dogs,dogs,0.5014586448669434,True
dog.2022.jpg,dogs,dogs,0.5013781189918518,True
dog.2023.jpg,dogs,dogs,0.5016524195671082,True
dog.2024.jpg,dogs,dogs,0.5014698505401611,True
dog.2025.jpg,dogs,dogs,0.500968873500824,True
dog.2026.jpg,dogs,dogs,0.5014895796775818,True
dog.2027.jpg,dogs,dogs,0.5012919902801514,True
dog.2028.jpg,dogs,dogs,0.5020070672035217,True
dog.2029.jpg,dogs,dogs,0.5026211142539978,True
dog.2030.jpg,dogs,dogs,0.501491904258728,True
dog.2031.jpg,dogs,dogs,0.502152681350708,True
dog.2032.jpg,dogs,dogs,0.5014463663101196,True
dog.2033.jpg,dogs,dogs,0.5014440417289734,True
dog.2034.jpg,dogs,dogs,0.5017722249031067,True
dog.2035.jpg,dogs,dogs,0.5018523335456848,True
dog.2036.jpg,dogs,dogs,0.5015967488288879,True
dog.2037.jpg,dogs,dogs,0.501664936542511,True
dog.2038.jpg,dogs,dogs,0.5006442666053772,True
dog.2039.jpg,dogs,dogs,0.5019711256027222,True
dog.2040.jpg,dogs,dogs,0.5014084577560425,True
dog.2041.jpg,dogs,dogs,0.5010420083999634,True
dog.2042.jpg,dogs,dogs,0.5010364651679993,True
dog.2043.jpg,dogs,dogs,0.5019298791885376,True
dog.2044.jpg,dogs,dogs,0.5017598271369934,True
dog.2045.jpg,dogs,dogs,0.5008643865585327,True
dog.2046.jpg,dogs,dogs,0.5012038946151733,True
dog.2047.jpg,dogs,dogs,0.5013870000839233,True
dog.2048.jpg,dogs,dogs,0.5005217790603638,True
dog.2049.jpg,dogs,dogs,0.5012633204460144,True
dog.2050.jpg,dogs,dogs,0.5006294846534729,True
dog.2051.jpg,dogs,dogs,0.5010982751846313,True
dog.2052.jpg,dogs,dogs,0.5017621517181396,True
dog.2053.jpg,dogs,dogs,0.5018722414970398,True
dog.2054.jpg,dogs,dogs,0.5013930797576904,True
dog.2055.jpg,dogs,dogs,0.5016108751296997,True
dog.2056.jpg,dogs,dogs,0.5014917850494385,True
dog.2057.jpg,dogs,dogs,0.5012769103050232,True
dog.2058.jpg,dogs,dogs,0.5014247298240662,True
dog.2059.jpg,dogs,dogs,0.5011715292930603,True
dog.2060.jpg,dogs,dogs,0.5012415051460266,True
dog.2061.jpg,dogs,dogs,0.5015407800674438,True
dog.2062.jpg,dogs,dogs,0.5018529295921326,True
dog.2063.jpg,dogs,dogs,0.5019972920417786,True
dog.2064.jpg,dogs,dogs,0.501471757888794,True
dog.2065.jpg,dogs,dogs,0.5010167360305786,True
dog.2066.jpg,dogs,dogs,0.5015993714332581,True
dog.2067.jpg,dogs,dogs,0.5006088614463806,True
dog.2068.jpg,dogs,dogs,0.501347541809082,True
dog.2069.jpg,dogs,dogs,0.5014404654502869,True
dog.2070.jpg,dogs,dogs,0.5011065006256104,True
dog.2071.jpg,dogs,dogs,0.502269983291626,True
dog.2072.jpg,dogs,dogs,0.5017672777175903,True
dog.2073.jpg,dogs,dogs,0.5013892650604248,True
dog.2074.jpg,dogs,dogs,0.502139687538147,True
dog.2075.jpg,dogs,dogs,0.502345860004425,True
dog.2076.jpg,dogs,dogs,0.5026037693023682,True
dog.2077.jpg,dogs,dogs,0.5017440915107727,True
dog.2078.jpg,dogs,dogs,0.5013188123703003,True
dog.2079.jpg,dogs,dogs,0.5012750625610352,True
dog.2080.jpg,dogs,dogs,0.5016661286354065,True
dog.2081.jpg,dogs,dogs,0.5015473365783691,True
dog.2082.jpg,dogs,dogs,0.5009168386459351,True
dog.2083.jpg,dogs,dogs,0.5020695328712463,True
dog.2084.jpg,dogs,dogs,0.5008188486099243,True
dog.2085.jpg,dogs,dogs,0.5017836093902588,True
dog.2086.jpg,dogs,dogs,0.5013657212257385,True
dog.2087.jpg,dogs,dogs,0.5014470815658569,True
dog.2088.jpg,dogs,dogs,0.5011441111564636,True
dog.2089.jpg,dogs,dogs,0.5007586479187012,True
dog.2090.jpg,dogs,dogs,0.5017319917678833,True
dog.2091.jpg,dogs,dogs,0.5015818476676941,True
dog.2092.jpg,dogs,cats,0.4998846650123596,False
dog.2093.jpg,dogs,dogs,0.5013037919998169,True
dog.2094.jpg,dogs,dogs,0.5011767148971558,True
dog.2095.jpg,dogs,dogs,0.5006341338157654,True
dog.2096.jpg,dogs,dogs,0.5014857649803162,True
dog.2097.jpg,dogs,dogs,0.5010418891906738,True
dog.2098.jpg,dogs,dogs,0.501689612865448,True
dog.2099.jpg,dogs,dogs,0.5020476579666138,True
dog.2100.jpg,dogs,dogs,0.5018073916435242,True
dog.2101.jpg,dogs,dogs,0.5017695426940918,True
dog.2102.jpg,dogs,dogs,0.5014857053756714,True
dog.2103.jpg,dogs,dogs,0.5009878873825073,True
dog.2104.jpg,dogs,dogs,0.5011408925056458,True
dog.2105.jpg,dogs,dogs,0.5009066462516785,True
dog.2106.jpg,dogs,dogs,0.5014543533325195,True
dog.2107.jpg,dogs,dogs,0.5014121532440186,True
dog.2108.jpg,dogs,dogs,0.5017019510269165,True
dog.2109.jpg,dogs,dogs,0.5018653869628906,True
dog.2110.jpg,dogs,dogs,0.5022704601287842,True
dog.2111.jpg,dogs,dogs,0.5017701387405396,True
dog.2112.jpg,dogs,dogs,0.5014134645462036,True
dog.2113.jpg,dogs,dogs,0.5023698806762695,True
dog.2114.jpg,dogs,dogs,0.5014163255691528,True
dog.2115.jpg,dogs,dogs,0.5013872385025024,True
dog.2116.jpg,dogs,dogs,0.5001751184463501,True
dog.2117.jpg,dogs,dogs,0.5014476776123047,True
dog.2118.jpg,dogs,dogs,0.5014712810516357,True
dog.2119.jpg,dogs,dogs,0.5021650195121765,True
dog.2120.jpg,dogs,dogs,0.5011582970619202,True
dog.2121.jpg,dogs,dogs,0.5007900595664978,True
dog.2122.jpg,dogs,dogs,0.5016904473304749,True
dog.2123.jpg,dogs,dogs,0.5019610524177551,True
dog.2124.jpg,dogs,dogs,0.5013993382453918,True
dog.2125.jpg,dogs,dogs,0.5024529695510864,True
dog.2126.jpg,dogs,dogs,0.5017725825309753,True
dog.2127.jpg,dogs,dogs,0.5022948384284973,True
dog.2128.jpg,dogs,dogs,0.5022458434104919,True
dog.2129.jpg,dogs,dogs,0.5016546249389648,True
dog.2130.jpg,dogs,dogs,0.5012607574462891,True
dog.2131.jpg,dogs,dogs,0.502270519733429,True
dog.2132.jpg,dogs,dogs,0.5014634728431702,True
dog.2133.jpg,dogs,dogs,0.5014475584030151,True
dog.2134.jpg,dogs,dogs,0.5012234449386597,True
dog.2135.jpg,dogs,dogs,0.5015338659286499,True
dog.2136.jpg,dogs,dogs,0.5014516711235046,True
dog.2137.jpg,dogs,dogs,0.5013964772224426,True
dog.2138.jpg,dogs,dogs,0.5004338026046753,True
dog.2139.jpg,dogs,dogs,0.5018389821052551,True
dog.2140.jpg,dogs,dogs,0.5017950534820557,True
dog.2141.jpg,dogs,dogs,0.500015139579773,True
dog.2142.jpg,dogs,dogs,0.5010454654693604,True
dog.2143.jpg,dogs,dogs,0.5010722875595093,True
dog.2144.jpg,dogs,dogs,0.5013265609741211,True
dog.2145.jpg,dogs,dogs,0.5020653605461121,True
dog.2146.jpg,dogs,dogs,0.5022778511047363,True
dog.2147.jpg,dogs,dogs,0.5013250112533569,True
dog.2148.jpg,dogs,dogs,0.5022986531257629,True
dog.2149.jpg,dogs,dogs,0.5016354918479919,True
dog.2150.jpg,dogs,dogs,0.5015296936035156,True
dog.2151.jpg,dogs,dogs,0.5018872618675232,True
dog.2152.jpg,dogs,dogs,0.502047061920166,True
dog.2153.jpg,dogs,dogs,0.5011332035064697,True
dog.2154.jpg,dogs,dogs,0.5019509196281433,True
dog.2155.jpg,dogs,dogs,0.5012130737304688,True
dog.2156.jpg,dogs,dogs,0.5013998746871948,True
dog.2157.jpg,dogs,dogs,0.5015746355056763,True
dog.2158.jpg,dogs,dogs,0.502488374710083,True
dog.2159.jpg,dogs,dogs,0.5019375681877136,True
dog.2160.jpg,dogs,dogs,0.5010552406311035,True
dog.2161.jpg,dogs,dogs,0.5020678043365479,True
dog.2162.jpg,dogs,dogs,0.5015432238578796,True
dog.2163.jpg,dogs,dogs,0.5022736191749573,True
dog.2164.jpg,dogs,dogs,0.5006629824638367,True
dog.2165.jpg,dogs,dogs,0.5015283823013306,True
dog.2166.jpg,dogs,dogs,0.5003606677055359,True
dog.2167.jpg,dogs,dogs,0.5015973448753357,True
dog.2168.jpg,dogs,dogs,0.5011666417121887,True
dog.2169.jpg,dogs,dogs,0.5014744997024536,True
dog.2170.jpg,dogs,dogs,0.5012277364730835,True
dog.2171.jpg,dogs,dogs,0.5022112131118774,True
dog.2172.jpg,dogs,dogs,0.5018800497055054,True
dog.2173.jpg,dogs,dogs,0.5018549561500549,True
dog.2174.jpg,dogs,dogs,0.5016679167747498,True
dog.2175.jpg,dogs,dogs,0.5015673637390137,True
dog.2176.jpg,dogs,dogs,0.5015756487846375,True
dog.2177.jpg,dogs,dogs,0.501006543636322,True
dog.2178.jpg,dogs,dogs,0.5017880797386169,True
dog.2179.jpg,dogs,dogs,0.501133143901825,True
dog.2180.jpg,dogs,dogs,0.5012340545654297,True
dog.2181.jpg,dogs,dogs,0.500594973564148,True
dog.2182.jpg,dogs,dogs,0.5007978677749634,True
dog.2183.jpg,dogs,dogs,0.5015506744384766,True
dog.2184.jpg,dogs,dogs,0.5011451840400696,True
dog.2185.jpg,dogs,dogs,0.5018278360366821,True
dog.2186.jpg,dogs,dogs,0.5013047456741333,True
dog.2187.jpg,dogs,dogs,0.5013090372085571,True
dog.2188.jpg,dogs,dogs,0.5011942982673645,True
dog.2189.jpg,dogs,dogs,0.500763475894928,True
dog.2190.jpg,dogs,dogs,0.501240074634552,True
dog.2191.jpg,dogs,dogs,0.5012778639793396,True
dog.2192.jpg,dogs,dogs,0.5013309121131897,True
dog.2193.jpg,dogs,dogs,0.5017285346984863,True
dog.2194.jpg,dogs,dogs,0.5005658864974976,True
dog.2195.jpg,dogs,dogs,0.5003889799118042,True
dog.2196.jpg,dogs,dogs,0.5021117329597473,True
dog.2197.jpg,dogs,dogs,0.5015550851821899,True
dog.2198.jpg,dogs,dogs,0.502142071723938,True
dog.2199.jpg,dogs,dogs,0.5010191798210144,True
dog.2200.jpg,dogs,dogs,0.5015234351158142,True
dog.2201.jpg,dogs,dogs,0.5018569231033325,True
dog.2202.jpg,dogs,dogs,0.5015321373939514,True
dog.2203.jpg,dogs,dogs,0.5015864372253418,True
dog.2204.jpg,dogs,dogs,0.5015395283699036,True
dog.2205.jpg,dogs,dogs,0.5017123222351074,True
dog.2206.jpg,dogs,dogs,0.5017671585083008,True
dog.2207.jpg,dogs,dogs,0.5009945631027222,True
dog.2208.jpg,dogs,dogs,0.5015929937362671,True
dog.2209.jpg,dogs,dogs,0.5012522339820862,True
dog.2210.jpg,dogs,dogs,0.5016269683837891,True
dog.2211.jpg,dogs,dogs,0.5029035806655884,True
dog.2212.jpg,dogs,dogs,0.5005706548690796,True
dog.2213.jpg,dogs,dogs,0.5008800029754639,True
dog.2214.jpg,dogs,dogs,0.5020855665206909,True
dog.2215.jpg,dogs,dogs,0.5012531876564026,True
dog.2216.jpg,dogs,dogs,0.5010553598403931,True
dog.2217.jpg,dogs,dogs,0.5017876029014587,True
dog.2218.jpg,dogs,dogs,0.5004103779792786,True
dog.2219.jpg,dogs,dogs,0.5009304881095886,True
dog.2220.jpg,dogs,dogs,0.5014241933822632,True
dog.2221.jpg,dogs,dogs,0.5013317465782166,True
dog.2222.jpg,dogs,dogs,0.5012064576148987,True
dog.2223.jpg,dogs,dogs,0.5015639662742615,True
dog.2224.jpg,dogs,dogs,0.5011056661605835,True
dog.2225.jpg,dogs,dogs,0.5014939308166504,True
dog.2226.jpg,dogs,dogs,0.5009019374847412,True
dog.2227.jpg,dogs,dogs,0.5015665292739868,True
dog.2228.jpg,dogs,dogs,0.5017114877700806,True
dog.2229.jpg,dogs,dogs,0.5016319155693054,True
dog.2230.jpg,dogs,dogs,0.5012616515159607,True
dog.2231.jpg,dogs,dogs,0.5010666251182556,True
dog.2232.jpg,dogs,dogs,0.5018290877342224,True
dog.2233.jpg,dogs,dogs,0.5013321042060852,True
dog.2234.jpg,dogs,dogs,0.5013437271118164,True
dog.2235.jpg,dogs,dogs,0.5014130473136902,True
dog.2236.jpg,dogs,dogs,0.5021315813064575,True
dog.2237.jpg,dogs,dogs,0.5005374550819397,True
dog.2238.jpg,dogs,dogs,0.5018752217292786,True
dog.2239.jpg,dogs,dogs,0.5014783143997192,True
dog.2240.jpg,dogs,dogs,0.501435399055481,True
dog.2241.jpg,dogs,dogs,0.5011515617370605,True
dog.2242.jpg,dogs,dogs,0.5010284185409546,True
dog.2243.jpg,dogs,dogs,0.5008893013000488,True
dog.2244.jpg,dogs,dogs,0.5023139715194702,True
dog.2245.jpg,dogs,dogs,0.5009613037109375,True
dog.2246.jpg,dogs,dogs,0.5010821223258972,True
dog.2247.jpg,dogs,dogs,0.5018680095672607,True
dog.2248.jpg,dogs,dogs,0.5015804171562195,True
dog.2249.jpg,dogs,dogs,0.5011988282203674,True
dog.2250.jpg,dogs,dogs,0.5007677674293518,True
dog.2251.jpg,dogs,dogs,0.5007746815681458,True
dog.2252.jpg,dogs,dogs,0.5009716153144836,True
dog.2253.jpg,dogs,dogs,0.5018725991249084,True
dog.2254.jpg,dogs,dogs,0.5009604692459106,True
dog.2255.jpg,dogs,dogs,0.5012001395225525,True
dog.2256.jpg,dogs,dogs,0.5026975870132446,True
dog.2257.jpg,dogs,dogs,0.5015003085136414,True
dog.2258.jpg,dogs,dogs,0.5015032291412354,True
dog.2259.jpg,dogs,dogs,0.5008928179740906,True
dog.2260.jpg,dogs,dogs,0.5015472173690796,True
dog.2261.jpg,dogs,dogs,0.5014180541038513,True
dog.2262.jpg,dogs,dogs,0.5018436908721924,True
dog.2263.jpg,dogs,dogs,0.5016248822212219,True
dog.2264.jpg,dogs,dogs,0.5010024905204773,True
dog.2265.jpg,dogs,dogs,0.5011745095252991,True
dog.2266.jpg,dogs,dogs,0.5018278360366821,True
dog.2267.jpg,dogs,dogs,0.5015447735786438,True
dog.2268.jpg,dogs,dogs,0.5017911791801453,True
dog.2269.jpg,dogs,dogs,0.5012447237968445,True
dog.2270.jpg,dogs,dogs,0.5026161670684814,True
dog.2271.jpg,dogs,dogs,0.5015236735343933,True
dog.2272.jpg,dogs,dogs,0.5004213452339172,True
dog.2273.jpg,dogs,dogs,0.5013508796691895,True
dog.2274.jpg,dogs,dogs,0.5021381974220276,True
dog.2275.jpg,dogs,dogs,0.5012606382369995,True
dog.2276.jpg,dogs,dogs,0.5015562176704407,True
dog.2277.jpg,dogs,dogs,0.5020967721939087,True
dog.2278.jpg,dogs,dogs,0.5012322664260864,True
dog.2279.jpg,dogs,dogs,0.5018808841705322,True
dog.2280.jpg,dogs,dogs,0.5006719827651978,True
dog.2281.jpg,dogs,dogs,0.5016298294067383,True
dog.2282.jpg,dogs,dogs,0.5006760358810425,True
dog.2283.jpg,dogs,dogs,0.5011001825332642,True
dog.2284.jpg,dogs,dogs,0.5017107725143433,True
dog.2285.jpg,dogs,dogs,0.5010775327682495,True
dog.2286.jpg,dogs,dogs,0.5014716386795044,True
dog.2287.jpg,dogs,dogs,0.5011081695556641,True
dog.2288.jpg,dogs,dogs,0.5019208788871765,True
dog.2289.jpg,dogs,dogs,0.5015143156051636,True
dog.2290.jpg,dogs,dogs,0.5007744431495667,True
dog.2291.jpg,dogs,dogs,0.5008556842803955,True
dog.2292.jpg,dogs,cats,0.4999344050884247,False
dog.2293.jpg,dogs,dogs,0.5013219118118286,True
dog.2294.jpg,dogs,dogs,0.5015611052513123,True
dog.2295.jpg,dogs,dogs,0.5015110969543457,True
dog.2296.jpg,dogs,dogs,0.5017180442810059,True
dog.2297.jpg,dogs,dogs,0.5017898082733154,True
dog.2298.jpg,dogs,dogs,0.5010427236557007,True
dog.2299.jpg,dogs,dogs,0.5022678375244141,True
dog.2300.jpg,dogs,dogs,0.5012826919555664,True
dog.2301.jpg,dogs,dogs,0.5019479393959045,True
dog.2302.jpg,dogs,dogs,0.5015051960945129,True
dog.2303.jpg,dogs,dogs,0.5017068982124329,True
dog.2304.jpg,dogs,dogs,0.5017901659011841,True
dog.2305.jpg,dogs,dogs,0.5004292726516724,True
dog.2306.jpg,dogs,dogs,0.5012645125389099,True
dog.2307.jpg,dogs,dogs,0.5013585686683655,True
dog.2308.jpg,dogs,dogs,0.5022026896476746,True
dog.2309.jpg,dogs,dogs,0.5013446807861328,True
dog.2310.jpg,dogs,dogs,0.5012215971946716,True
dog.2311.jpg,dogs,dogs,0.5016003251075745,True
dog.2312.jpg,dogs,dogs,0.5015431642532349,True
dog.2313.jpg,dogs,dogs,0.5017292499542236,True
dog.2314.jpg,dogs,dogs,0.500689685344696,True
dog.2315.jpg,dogs,dogs,0.502269446849823,True
dog.2316.jpg,dogs,dogs,0.5016013979911804,True
dog.2317.jpg,dogs,dogs,0.5008934140205383,True
dog.2318.jpg,dogs,dogs,0.5011609792709351,True
dog.2319.jpg,dogs,dogs,0.5020539164543152,True
dog.2320.jpg,dogs,dogs,0.5015636682510376,True
dog.2321.jpg,dogs,dogs,0.501410961151123,True
dog.2322.jpg,dogs,dogs,0.5022678375244141,True
dog.2323.jpg,dogs,dogs,0.501164972782135,True
dog.2324.jpg,dogs,dogs,0.5013052225112915,True
dog.2325.jpg,dogs,dogs,0.5012468099594116,True
dog.2326.jpg,dogs,dogs,0.5010852217674255,True
dog.2327.jpg,dogs,dogs,0.5020104050636292,True
dog.2328.jpg,dogs,dogs,0.5005887150764465,True
dog.2329.jpg,dogs,dogs,0.5011377930641174,True
dog.2330.jpg,dogs,dogs,0.5018370747566223,True
dog.2331.jpg,dogs,dogs,0.5004982948303223,True
dog.2332.jpg,dogs,dogs,0.5016422271728516,True
dog.2333.jpg,dogs,dogs,0.5007666945457458,True
dog.2334.jpg,dogs,dogs,0.501316249370575,True
dog.2335.jpg,dogs,dogs,0.5009433031082153,True
dog.2336.jpg,dogs,dogs,0.5012022852897644,True
dog.2337.jpg,dogs,dogs,0.5013478994369507,True
dog.2338.jpg,dogs,dogs,0.5018012523651123,True
dog.2339.jpg,dogs,dogs,0.5020338296890259,True
dog.2340.jpg,dogs,dogs,0.5008113980293274,True
dog.2341.jpg,dogs,dogs,0.5016202926635742,True
dog.2342.jpg,dogs,dogs,0.5003093481063843,True
dog.2343.jpg,dogs,dogs,0.5012560486793518,True
dog.2344.jpg,dogs,dogs,0.501531720161438,True
dog.2345.jpg,dogs,dogs,0.5014539361000061,True
dog.2346.jpg,dogs,dogs,0.5017364621162415,True
dog.2347.jpg,dogs,dogs,0.5019025206565857,True
dog.2348.jpg,dogs,dogs,0.5018764734268188,True
dog.2349.jpg,dogs,dogs,0.5013699531555176,True
dog.2350.jpg,dogs,dogs,0.5014380812644958,True
dog.2351.jpg,dogs,dogs,0.5016507506370544,True
dog.2352.jpg,dogs,dogs,0.5018607974052429,True
dog.2353.jpg,dogs,dogs,0.5015525817871094,True
dog.2354.jpg,dogs,dogs,0.50107741355896,True
dog.2355.jpg,dogs,dogs,0.5018118619918823,True
dog.2356.jpg,dogs,dogs,0.5017406344413757,True
dog.2357.jpg,dogs,dogs,0.5014188885688782,True
dog.2358.jpg,dogs,dogs,0.5015885829925537,True
dog.2359.jpg,dogs,dogs,0.5012380480766296,True
dog.2360.jpg,dogs,dogs,0.5016303658485413,True
dog.2361.jpg,dogs,dogs,0.5015896558761597,True
dog.2362.jpg,dogs,dogs,0.5005825161933899,True
dog.2363.jpg,dogs,dogs,0.5015011429786682,True
dog.2364.jpg,dogs,dogs,0.5018265843391418,True
dog.2365.jpg,dogs,dogs,0.5016559958457947,True
dog.2366.jpg,dogs,dogs,0.5014342665672302,True
dog.2367.jpg,dogs,dogs,0.501789927482605,True
dog.2368.jpg,dogs,dogs,0.5017186403274536,True
dog.2369.jpg,dogs,dogs,0.500946581363678,True
dog.2370.jpg,dogs,dogs,0.5020783543586731,True
dog.2371.jpg,dogs,dogs,0.5010842680931091,True
dog.2372.jpg,dogs,dogs,0.5030776858329773,True
dog.2373.jpg,dogs,dogs,0.5016527771949768,True
dog.2374.jpg,dogs,dogs,0.5015011429786682,True
dog.2375.jpg,dogs,dogs,0.5014843344688416,True
dog.2376.jpg,dogs,dogs,0.5014742612838745,True
dog.2377.jpg,dogs,dogs,0.5005135536193848,True
dog.2378.jpg,dogs,dogs,0.5013839602470398,True
dog.2379.jpg,dogs,dogs,0.5007244944572449,True
dog.2380.jpg,dogs,dogs,0.5007133483886719,True
dog.2381.jpg,dogs,dogs,0.500662088394165,True
dog.2382.jpg,dogs,dogs,0.5028398633003235,True
dog.2383.jpg,dogs,dogs,0.5018656253814697,True
dog.2384.jpg,dogs,dogs,0.5012087225914001,True
dog.2385.jpg,dogs,dogs,0.5017187595367432,True
dog.2386.jpg,dogs,dogs,0.5018474459648132,True
dog.2387.jpg,dogs,dogs,0.5009129047393799,True
dog.2388.jpg,dogs,dogs,0.501621425151825,True
dog.2389.jpg,dogs,dogs,0.5020444393157959,True
dog.2390.jpg,dogs,dogs,0.5018950700759888,True
dog.2391.jpg,dogs,dogs,0.5020579099655151,True
dog.2392.jpg,dogs,dogs,0.5009543895721436,True
dog.2393.jpg,dogs,dogs,0.5016568303108215,True
dog.2394.jpg,dogs,dogs,0.5005965828895569,True
dog.2395.jpg,dogs,dogs,0.5015161037445068,True
dog.2396.jpg,dogs,dogs,0.5013118386268616,True
dog.2397.jpg,dogs,dogs,0.5022205710411072,True
dog.2398.jpg,dogs,dogs,0.5004118084907532,True
dog.2399.jpg,dogs,dogs,0.5015072822570801,True
dog.2400.jpg,dogs,dogs,0.5017133355140686,True
dog.2401.jpg,dogs,dogs,0.5007537603378296,True
dog.2402.jpg,dogs,dogs,0.5019247531890869,True
dog.2403.jpg,dogs,dogs,0.5011725425720215,True
dog.2404.jpg,dogs,dogs,0.5014927387237549,True
dog.2405.jpg,dogs,dogs,0.5016099214553833,True
dog.2406.jpg,dogs,dogs,0.5013430118560791,True
dog.2407.jpg,dogs,dogs,0.5020178556442261,True
dog.2408.jpg,dogs,dogs,0.5006845593452454,True
dog.2409.jpg,dogs,dogs,0.5010679364204407,True
dog.2410.jpg,dogs,dogs,0.5020534992218018,True
dog.2411.jpg,dogs,dogs,0.5011560320854187,True
dog.2412.jpg,dogs,dogs,0.5002543330192566,True
dog.2413.jpg,dogs,dogs,0.5012460350990295,True
dog.2414.jpg,dogs,dogs,0.5009937882423401,True
dog.2415.jpg,dogs,dogs,0.5008460283279419,True
dog.2416.jpg,dogs,dogs,0.501424252986908,True
dog.2417.jpg,dogs,dogs,0.5016806125640869,True
dog.2418.jpg,dogs,dogs,0.5007479786872864,True
dog.2419.jpg,dogs,dogs,0.5009981989860535,True
dog.2420.jpg,dogs,dogs,0.500796914100647,True
dog.2421.jpg,dogs,dogs,0.5011259913444519,True
dog.2422.jpg,dogs,dogs,0.5009735226631165,True
dog.2423.jpg,dogs,dogs,0.500755786895752,True
dog.2424.jpg,dogs,dogs,0.5014182925224304,True
dog.2425.jpg,dogs,dogs,0.5016892552375793,True
dog.2426.jpg,dogs,dogs,0.5016598105430603,True
dog.2427.jpg,dogs,dogs,0.5007162094116211,True
dog.2428.jpg,dogs,dogs,0.5009470582008362,True
dog.2429.jpg,dogs,dogs,0.501709520816803,True
dog.2430.jpg,dogs,dogs,0.5017434358596802,True
dog.2431.jpg,dogs,dogs,0.5013760924339294,True
dog.2432.jpg,dogs,dogs,0.5027676224708557,True
dog.2433.jpg,dogs,dogs,0.5008659362792969,True
dog.2434.jpg,dogs,dogs,0.5014510154724121,True
dog.2435.jpg,dogs,dogs,0.5018805265426636,True
dog.2436.jpg,dogs,dogs,0.5008358955383301,True
dog.2437.jpg,dogs,dogs,0.5013802647590637,True
dog.2438.jpg,dogs,dogs,0.5018173456192017,True
dog.2439.jpg,dogs,dogs,0.5005937814712524,True
dog.2440.jpg,dogs,dogs,0.5019723176956177,True
dog.2441.jpg,dogs,dogs,0.5012515187263489,True
dog.2442.jpg,dogs,dogs,0.5008447766304016,True
dog.2443.jpg,dogs,dogs,0.5011081695556641,True
dog.2444.jpg,dogs,dogs,0.5008234977722168,True
dog.2445.jpg,dogs,dogs,0.5008836388587952,True
dog.2446.jpg,dogs,dogs,0.5013018846511841,True
dog.2447.jpg,dogs,dogs,0.5005583167076111,True
dog.2448.jpg,dogs,dogs,0.5015810132026672,True
dog.2449.jpg,dogs,dogs,0.5015435218811035,True
dog.2450.jpg,dogs,dogs,0.5011956095695496,True
dog.2451.jpg,dogs,dogs,0.5016846060752869,True
dog.2452.jpg,dogs,dogs,0.5015217661857605,True
dog.2453.jpg,dogs,dogs,0.5011113286018372,True
dog.2454.jpg,dogs,dogs,0.501409649848938,True
dog.2455.jpg,dogs,dogs,0.5012503862380981,True
dog.2456.jpg,dogs,dogs,0.5009889602661133,True
dog.2457.jpg,dogs,dogs,0.5018883347511292,True
dog.2458.jpg,dogs,dogs,0.5019378066062927,True
dog.2459.jpg,dogs,dogs,0.5013315081596375,True
dog.2460.jpg,dogs,dogs,0.5019190907478333,True
dog.2461.jpg,dogs,dogs,0.5020396709442139,True
dog.2462.jpg,dogs,dogs,0.5016931295394897,True
dog.2463.jpg,dogs,dogs,0.5018078684806824,True
dog.2464.jpg,dogs,dogs,0.5023162364959717,True
dog.2465.jpg,dogs,dogs,0.5005718469619751,True
dog.2466.jpg,dogs,dogs,0.5014006495475769,True
dog.2467.jpg,dogs,dogs,0.5012962818145752,True
dog.2468.jpg,dogs,dogs,0.5019574165344238,True
dog.2469.jpg,dogs,dogs,0.5001306533813477,True
dog.2470.jpg,dogs,dogs,0.5010067820549011,True
dog.2471.jpg,dogs,dogs,0.5015074610710144,True
dog.2472.jpg,dogs,dogs,0.5021553635597229,True
dog.2473.jpg,dogs,dogs,0.5021259784698486,True
dog.2474.jpg,dogs,dogs,0.5008261203765869,True
dog.2475.jpg,dogs,dogs,0.5006360411643982,True
dog.2476.jpg,dogs,dogs,0.5014596581459045,True
dog.2477.jpg,dogs,dogs,0.5022951364517212,True
dog.2478.jpg,dogs,dogs,0.5010391473770142,True
dog.2479.jpg,dogs,dogs,0.5017104148864746,True
dog.2480.jpg,dogs,dogs,0.5009188055992126,True
dog.2481.jpg,dogs,dogs,0.5018640756607056,True
dog.2482.jpg,dogs,dogs,0.5014721751213074,True
dog.2483.jpg,dogs,dogs,0.5016490817070007,True
dog.2484.jpg,dogs,dogs,0.5013226270675659,True
dog.2485.jpg,dogs,dogs,0.5021969676017761,True
dog.2486.jpg,dogs,dogs,0.5024682879447937,True
dog.2487.jpg,dogs,dogs,0.5011224150657654,True
dog.2488.jpg,dogs,dogs,0.5013893842697144,True
dog.2489.jpg,dogs,dogs,0.5016123652458191,True
dog.2490.jpg,dogs,dogs,0.5015588402748108,True
dog.2491.jpg,dogs,dogs,0.5021050572395325,True
dog.2492.jpg,dogs,dogs,0.5010015368461609,True
dog.2493.jpg,dogs,dogs,0.5021603107452393,True
dog.2494.jpg,dogs,dogs,0.5006629228591919,True
dog.2495.jpg,dogs,dogs,0.5005606412887573,True
dog.2496.jpg,dogs,dogs,0.5017307996749878,True
dog.2497.jpg,dogs,dogs,0.5014416575431824,True
dog.2498.jpg,dogs,dogs,0.5022826790809631,True
dog.2499.jpg,dogs,dogs,0.5022860169410706,True
